-- MySQL dump 10.13  Distrib 8.0.25, for macos11.3 (x86_64)
--
-- Host: localhost    Database: newphp
-- ------------------------------------------------------
-- Server version	8.0.25

/*!40101 SET @OLD_CHARACTER_SET_CLIENT=@@CHARACTER_SET_CLIENT */;
/*!40101 SET @OLD_CHARACTER_SET_RESULTS=@@CHARACTER_SET_RESULTS */;
/*!40101 SET @OLD_COLLATION_CONNECTION=@@COLLATION_CONNECTION */;
/*!50503 SET NAMES utf8mb4 */;
/*!40103 SET @OLD_TIME_ZONE=@@TIME_ZONE */;
/*!40103 SET TIME_ZONE='+00:00' */;
/*!40014 SET @OLD_UNIQUE_CHECKS=@@UNIQUE_CHECKS, UNIQUE_CHECKS=0 */;
/*!40014 SET @OLD_FOREIGN_KEY_CHECKS=@@FOREIGN_KEY_CHECKS, FOREIGN_KEY_CHECKS=0 */;
/*!40101 SET @OLD_SQL_MODE=@@SQL_MODE, SQL_MODE='NO_AUTO_VALUE_ON_ZERO' */;
/*!40111 SET @OLD_SQL_NOTES=@@SQL_NOTES, SQL_NOTES=0 */;

--
-- Table structure for table `cbcart1`
--

DROP TABLE IF EXISTS `cbcart1`;
/*!40101 SET @saved_cs_client     = @@character_set_client */;
/*!50503 SET character_set_client = utf8mb4 */;
CREATE TABLE `cbcart1` (
  `AutoID` int NOT NULL AUTO_INCREMENT,
  `Cart` text,
  `Student_Number` text,
  `ITR` int DEFAULT NULL,
  `Serial` text,
  `Check_in` varchar(225) DEFAULT NULL,
  `Check_out` varchar(225) DEFAULT NULL,
  `Repair` varchar(45) DEFAULT '0',
  PRIMARY KEY (`AutoID`)
) ENGINE=InnoDB AUTO_INCREMENT=31 DEFAULT CHARSET=utf8mb4 COLLATE=utf8mb4_0900_ai_ci;
/*!40101 SET character_set_client = @saved_cs_client */;

--
-- Dumping data for table `cbcart1`
--

LOCK TABLES `cbcart1` WRITE;
/*!40000 ALTER TABLE `cbcart1` DISABLE KEYS */;
INSERT INTO `cbcart1` VALUES (1,'CB #1-1','222',35962,'5CD9092RLQ',NULL,'2021-07-17 08:18:09','0'),(2,'CB #1-2',NULL,35963,'5CD9092R5F',NULL,NULL,'0'),(3,'CB #1-3',NULL,35964,'5CD9092RWQ',NULL,NULL,'0'),(4,'CB #1-4','',35965,'5CD9092R7X',NULL,NULL,'0'),(5,'CB #1-5','',35966,'5CD9092RJV',NULL,NULL,'0'),(6,'CB #1-6','',35967,'5CD9092R9L',NULL,NULL,'0'),(7,'CB #1-7','',35968,'5CD9092R9C',NULL,NULL,'0'),(8,'CB #1-8','',35969,'5CD9092RLJ',NULL,NULL,'0'),(9,'CB #1-9','',35971,'5CD9092R3X',NULL,NULL,'0'),(10,'CB #1-10','',35973,'5CD9092T68',NULL,NULL,'0'),(11,'CB #1-11','',35974,'5CD9092QVR',NULL,NULL,'0'),(12,'CB #1-12','',35975,'5CD9092RKL',NULL,NULL,'0'),(13,'CB #1-13','',35978,'5CD9093FHH',NULL,NULL,'0'),(14,'CB #1-14','',35979,'5CD9092TBR',NULL,NULL,'0'),(15,'CB #1-15','',35980,'5CD9092RFK',NULL,NULL,'0'),(16,'CB #1-16','',35981,'5CD9092RL0',NULL,NULL,'0'),(17,'CB #1-17','',35984,'5CD9092T1Z',NULL,NULL,'0'),(18,'CB #1-18','',35985,'5CD9092RDQ',NULL,NULL,'0'),(19,'CB #1-19','',35989,'5CD9092QX7',NULL,NULL,'0'),(20,'CB #1-20','',35997,'5CD9092R2S',NULL,NULL,'0'),(21,'CB #1-21','',35998,'5CD9092RFL',NULL,NULL,'0'),(22,'CB #1-22','',35999,'5CD9092RW8',NULL,NULL,'0'),(23,'CB #1-23','',36011,'5CD9092RC5',NULL,NULL,'0'),(24,'CB #1-24',NULL,36017,'5CD9092R7F',NULL,NULL,'0'),(25,'CB #1-25',NULL,36018,'5CD9092S9H',NULL,NULL,'0'),(26,'CB #1-26',NULL,36019,'5CD9092RFC',NULL,NULL,'0'),(27,'CB #1-27','',36025,'5CD9092R4P',NULL,NULL,'0'),(28,'CB #1-28','',36026,'5CD9092RM9',NULL,NULL,'0'),(29,'CB #1-29',NULL,36027,'5CD9092RLS',NULL,NULL,'0'),(30,'CB #1-30','',36031,'5CD9092RB8',NULL,NULL,'0');
/*!40000 ALTER TABLE `cbcart1` ENABLE KEYS */;
UNLOCK TABLES;

--
-- Table structure for table `cbcart2`
--

DROP TABLE IF EXISTS `cbcart2`;
/*!40101 SET @saved_cs_client     = @@character_set_client */;
/*!50503 SET character_set_client = utf8mb4 */;
CREATE TABLE `cbcart2` (
  `AutoID` int NOT NULL AUTO_INCREMENT,
  `Cart` text,
  `Student_Number` text,
  `ITR` int DEFAULT NULL,
  `Serial` varchar(255) DEFAULT NULL,
  `Check_in` varchar(225) DEFAULT NULL,
  `Check_out` varchar(225) DEFAULT NULL,
  `Repair` varchar(45) DEFAULT '0',
  PRIMARY KEY (`AutoID`),
  UNIQUE KEY `Serial_UNIQUE` (`Serial`)
) ENGINE=InnoDB AUTO_INCREMENT=303 DEFAULT CHARSET=utf8mb4 COLLATE=utf8mb4_0900_ai_ci;
/*!40101 SET character_set_client = @saved_cs_client */;

--
-- Dumping data for table `cbcart2`
--

LOCK TABLES `cbcart2` WRITE;
/*!40000 ALTER TABLE `cbcart2` DISABLE KEYS */;
INSERT INTO `cbcart2` VALUES (1,'CB #2-1','',401244,'5CD9095NSN',NULL,NULL,'0'),(2,'CB #2-2','',35049,'5CD9095NTS',NULL,NULL,'0'),(3,'CB #2-3','',35381,'5CD9092R29',NULL,NULL,'0'),(4,'CB #2-4','',35150,'5CD9095LYK',NULL,NULL,'0'),(5,'CB #2-5','',34934,'5CD9095P3F',NULL,NULL,'0'),(6,'CB #2-6','',35390,'5CD9092RQY',NULL,NULL,'0'),(7,'CB #2-7','',35326,'5CD9093FCK',NULL,NULL,'0'),(8,'CB #2-8','',34984,'5CD9095P2V',NULL,NULL,'0'),(9,'CB #2-9','',35056,'5CD9095M39',NULL,NULL,'0'),(10,'CB #2-10','',35148,'5CD9095LX8',NULL,NULL,'0'),(11,'CB #2-11','',35116,'5CD9095LZG',NULL,NULL,'0'),(12,'CB #2-12','',34936,'5CD9095P2M',NULL,NULL,'0'),(13,'CB #2-13','',34943,'5CD9095P30',NULL,NULL,'0'),(14,'CB #2-14','',35164,'5CD9095LZ2',NULL,NULL,'0'),(15,'CB #2-15','',35074,'5CD9095MSX',NULL,NULL,'0'),(16,'CB #2-16','',35031,'5CD9095M4K',NULL,NULL,'0'),(17,'CB #2-17','',34910,'5CD9095P46',NULL,NULL,'0'),(18,'CB #2-18','',34949,'5CD9095P48',NULL,NULL,'0'),(19,'CB #2-19','',35142,'5CD9095NS0',NULL,NULL,'0'),(20,'CB #2-20','',35093,'5CD9095M2D',NULL,NULL,'0'),(21,'CB #2-21','',35404,'5CD9092R8F',NULL,NULL,'0'),(22,'CB #2-22','',35026,'5CD9095NZQ',NULL,NULL,'0'),(23,'CB #2-23','',34964,'5CD9095P2H',NULL,NULL,'0'),(24,'CB #2-24','',35013,'5CD9095P1K',NULL,NULL,'0'),(25,'CB #2-25','',35320,'5CD9092SVZ',NULL,NULL,'0'),(26,'CB #2-26','',34989,'5CD9095P13',NULL,NULL,'0'),(27,'CB #2-27','',35299,'5CD9092R7T',NULL,NULL,'0'),(28,'CB #2-28','',34969,'5CD9095P2R',NULL,NULL,'0'),(29,'CB #2-29','',35346,'5CD9092R7S',NULL,NULL,'0'),(30,'CB #2-30','',35561,'5CD9093DVQ',NULL,NULL,'0');
/*!40000 ALTER TABLE `cbcart2` ENABLE KEYS */;
UNLOCK TABLES;

--
-- Table structure for table `cbcart3`
--

DROP TABLE IF EXISTS `cbcart3`;
/*!40101 SET @saved_cs_client     = @@character_set_client */;
/*!50503 SET character_set_client = utf8mb4 */;
CREATE TABLE `cbcart3` (
  `AutoID` int NOT NULL AUTO_INCREMENT,
  `Cart` text,
  `Student_Number` text,
  `ITR` int DEFAULT NULL,
  `Serial` text,
  `Check_in` varchar(225) DEFAULT NULL,
  `Check_out` varchar(225) DEFAULT NULL,
  `Repair` varchar(45) DEFAULT '0',
  PRIMARY KEY (`AutoID`)
) ENGINE=InnoDB AUTO_INCREMENT=31 DEFAULT CHARSET=utf8mb4 COLLATE=utf8mb4_0900_ai_ci;
/*!40101 SET character_set_client = @saved_cs_client */;

--
-- Dumping data for table `cbcart3`
--

LOCK TABLES `cbcart3` WRITE;
/*!40000 ALTER TABLE `cbcart3` DISABLE KEYS */;
INSERT INTO `cbcart3` VALUES (1,'CB #3-1',NULL,35132,'5CD9095LYV',NULL,NULL,'0'),(2,'CB #3-2','',34942,'5CD9095P38',NULL,NULL,'0'),(3,'CB #3-3','',35070,'5CD9095M4N',NULL,NULL,'0'),(4,'CB #3-4','',34921,'5CD9095NYB',NULL,NULL,'0'),(5,'CB #3-5','',35409,'5CD9092RCQ',NULL,NULL,'0'),(6,'CB #3-6','',35119,'5CD9095M0K',NULL,NULL,'0'),(7,'CB #3-7','',35302,'5CD9093FH3',NULL,NULL,'0'),(8,'CB #3-8','',35015,'5CD9095P1C',NULL,NULL,'0'),(9,'CB #3-9','',35135,'5CD9095NXF',NULL,NULL,'0'),(10,'CB #3-10','',35259,'5CD9092SMZ',NULL,NULL,'0'),(11,'CB #3-11','',35327,'5CD9092SD8',NULL,NULL,'0'),(12,'CB #3-12','',35134,'5CD9095M8X',NULL,NULL,'0'),(13,'CB #3-13','',35118,'5CD9095P6V',NULL,NULL,'0'),(14,'CB #3-14','',35182,'5CD9095NXN',NULL,NULL,'0'),(15,'CB #3-15','',35040,'5CD9095M3Q',NULL,NULL,'0'),(16,'CB #3-16','',34987,'5CD9095P19',NULL,NULL,'0'),(17,'CB #3-17','',35140,'5CD9095NR4',NULL,NULL,'0'),(18,'CB #3-18','',35094,'5CD9095M24',NULL,NULL,'0'),(19,'CB #3-19','',35310,'5CD9092S3Q',NULL,NULL,'0'),(20,'CB #3-20','',35365,'5CD9092SCB',NULL,NULL,'0'),(21,'CB #3-21','',34977,'5CD9095NTF',NULL,NULL,'0'),(22,'CB #3-22','',35309,'5CD9093FD5',NULL,NULL,'0'),(23,'CB #3-23','',35047,'5CD9095M3W',NULL,NULL,'0'),(24,'CB #3-24','',35238,'5CD9092T8B',NULL,NULL,'0'),(25,'CB #3-25','',35162,'5CD9095LXW',NULL,NULL,'0'),(26,'CB #3-26','',35306,'5CD9093FF0',NULL,NULL,'0'),(27,'CB #3-27','',35639,'5CD9095NZ3',NULL,NULL,'0'),(28,'CB #3-28','',35686,'5CD9095NZ4',NULL,NULL,'0'),(29,'CB #3-29','',34935,'5CD9095P3T',NULL,NULL,'0'),(30,'CB #3-30','',34944,'5CD9095MDT',NULL,NULL,'0');
/*!40000 ALTER TABLE `cbcart3` ENABLE KEYS */;
UNLOCK TABLES;

--
-- Table structure for table `cbcart4`
--

DROP TABLE IF EXISTS `cbcart4`;
/*!40101 SET @saved_cs_client     = @@character_set_client */;
/*!50503 SET character_set_client = utf8mb4 */;
CREATE TABLE `cbcart4` (
  `AutoID` int DEFAULT NULL,
  `Cart` text,
  `Student_Number` text,
  `ITR` int DEFAULT NULL,
  `Serial` text,
  `Check_in` text,
  `Check_out` text,
  `Repair` varchar(45) DEFAULT '0'
) ENGINE=InnoDB DEFAULT CHARSET=utf8mb4 COLLATE=utf8mb4_0900_ai_ci;
/*!40101 SET character_set_client = @saved_cs_client */;

--
-- Dumping data for table `cbcart4`
--

LOCK TABLES `cbcart4` WRITE;
/*!40000 ALTER TABLE `cbcart4` DISABLE KEYS */;
INSERT INTO `cbcart4` VALUES (1,'CB #4-1','',402441,'PF2W36YT',NULL,NULL,'0'),(2,'CB #4-2','',402442,'PF2WFR8H',NULL,NULL,'0'),(3,'CB #4-3','',402443,'PF2WG8DX',NULL,NULL,'0'),(4,'CB #4-4','',402444,'PF2W3G09',NULL,NULL,'0'),(5,'CB #4-5','',402445,'PF2WGF1H',NULL,NULL,'0'),(6,'CB #4-6','',402446,'PF2WGDD5',NULL,NULL,'0'),(7,'CB #4-7','',402447,'PF2WG5ZM',NULL,NULL,'0'),(8,'CB #4-8','',402448,'PF2WGZJX',NULL,NULL,'0'),(9,'CB #4-9','',402449,'PF2WGNVP',NULL,NULL,'0'),(10,'CB #4-10','',402450,'PF2WGNJF',NULL,NULL,'0'),(11,'CB #4-11','',402451,'PF2WGZJD',NULL,NULL,'0'),(12,'CB #4-12','',402452,'PF2WG4A4',NULL,NULL,'0'),(13,'CB #4-13','',402453,'PF2WG871',NULL,NULL,'0'),(14,'CB #4-14','',402454,'PF2WG89G',NULL,NULL,'0'),(15,'CB #4-15','',402455,'PF2WFZR4',NULL,NULL,'0'),(16,'CB #4-16','',402456,'PF2WGKR9',NULL,NULL,'0'),(17,'CB #4-17','',402457,'PF2WGNHY',NULL,NULL,'0'),(18,'CB #4-18','',402458,'PF2WH3V8',NULL,NULL,'0'),(19,'CB #4-19','',402459,'PF2WGKSQ',NULL,NULL,'0'),(20,'CB #4-20','',402460,'PF2WGKT9',NULL,NULL,'0'),(21,'CB #4-21','',402461,'PF2WGKS3',NULL,NULL,'0'),(22,'CB #4-22','',402462,'PF2WGF11',NULL,NULL,'0'),(23,'CB #4-23','',402463,'PF2W3QNS',NULL,NULL,'0'),(24,'CB #4-24','',402464,'PF2WG89F',NULL,NULL,'0'),(25,'CB #4-25','',402465,'PF2WGKSR',NULL,NULL,'0'),(26,'CB #4-26','',402466,'PF2WGEZY',NULL,NULL,'0'),(27,'CB #4-27','',402467,'PF2WG61A',NULL,NULL,'0'),(28,'CB #4-28','',402468,'PF2WGW15',NULL,NULL,'0'),(29,'CB #4-29','',402469,'PF2WGVZE',NULL,NULL,'0'),(30,'CB #4-30','',402470,'PF2WG8DL',NULL,NULL,'0');
/*!40000 ALTER TABLE `cbcart4` ENABLE KEYS */;
UNLOCK TABLES;

--
-- Table structure for table `chromebook_log`
--

DROP TABLE IF EXISTS `chromebook_log`;
/*!40101 SET @saved_cs_client     = @@character_set_client */;
/*!50503 SET character_set_client = utf8mb4 */;
CREATE TABLE `chromebook_log` (
  `AutoID` int NOT NULL AUTO_INCREMENT,
  `Student_Number` bigint DEFAULT NULL,
  `ITR` int DEFAULT NULL,
  `Serial` text,
  `Make` text,
  `Part_Number` text,
  `Grp` text,
  `Status` int DEFAULT NULL,
  `Checked_in` text,
  `Check_out` text,
  PRIMARY KEY (`AutoID`)
) ENGINE=InnoDB AUTO_INCREMENT=71 DEFAULT CHARSET=utf8mb4 COLLATE=utf8mb4_0900_ai_ci;
/*!40101 SET character_set_client = @saved_cs_client */;

--
-- Dumping data for table `chromebook_log`
--

LOCK TABLES `chromebook_log` WRITE;
/*!40000 ALTER TABLE `chromebook_log` DISABLE KEYS */;
INSERT INTO `chromebook_log` VALUES (67,2233,35962,NULL,NULL,NULL,NULL,NULL,'2021-07-19 13:28:45','2021-07-17 08:18:09'),(68,222,35962,NULL,NULL,NULL,NULL,NULL,'2021-07-19 13:28:45','2021-07-17 08:18:09'),(69,222,3333,NULL,NULL,NULL,NULL,NULL,NULL,'2021-07-17 08:56:45'),(70,2233,355564,NULL,NULL,NULL,NULL,NULL,NULL,'2021-07-19 01:34:55');
/*!40000 ALTER TABLE `chromebook_log` ENABLE KEYS */;
UNLOCK TABLES;

--
-- Table structure for table `loaner_chargers`
--

DROP TABLE IF EXISTS `loaner_chargers`;
/*!40101 SET @saved_cs_client     = @@character_set_client */;
/*!50503 SET character_set_client = utf8mb4 */;
CREATE TABLE `loaner_chargers` (
  `AutoID` int NOT NULL AUTO_INCREMENT,
  `Student_Number` int DEFAULT NULL,
  `id` int NOT NULL,
  `Check_out` varchar(255) DEFAULT NULL,
  `Check_in` varchar(255) DEFAULT NULL,
  `Repair` varchar(45) DEFAULT '0',
  PRIMARY KEY (`AutoID`)
) ENGINE=InnoDB AUTO_INCREMENT=41 DEFAULT CHARSET=utf8mb4 COLLATE=utf8mb4_0900_ai_ci;
/*!40101 SET character_set_client = @saved_cs_client */;

--
-- Dumping data for table `loaner_chargers`
--

LOCK TABLES `loaner_chargers` WRITE;
/*!40000 ALTER TABLE `loaner_chargers` DISABLE KEYS */;
INSERT INTO `loaner_chargers` VALUES (1,NULL,401861,NULL,NULL,'0'),(2,NULL,401862,NULL,NULL,'0'),(3,NULL,401863,NULL,NULL,'0'),(4,NULL,401864,NULL,NULL,'0'),(5,NULL,401865,NULL,NULL,'0'),(6,NULL,401866,NULL,NULL,'0'),(7,NULL,401867,NULL,NULL,'0'),(8,NULL,401868,NULL,NULL,'0'),(9,NULL,401869,NULL,NULL,'0'),(10,NULL,401870,NULL,NULL,'0'),(11,NULL,401871,NULL,NULL,'0'),(12,NULL,401872,NULL,NULL,'0'),(13,NULL,401873,NULL,NULL,'0'),(14,NULL,401874,NULL,NULL,'0'),(15,NULL,401875,NULL,NULL,'0'),(16,NULL,401876,NULL,NULL,'0'),(17,NULL,401877,NULL,NULL,'0'),(18,NULL,401878,NULL,NULL,'0'),(19,NULL,401879,NULL,NULL,'0'),(20,NULL,401880,NULL,NULL,'0'),(21,NULL,401881,NULL,NULL,'0'),(22,NULL,401882,NULL,NULL,'0'),(23,NULL,401883,NULL,NULL,'0'),(24,NULL,401884,NULL,NULL,'0'),(25,NULL,401885,NULL,NULL,'0'),(26,NULL,401886,NULL,NULL,'0'),(27,NULL,401887,NULL,NULL,'0'),(28,NULL,401888,NULL,NULL,'0'),(29,NULL,401889,NULL,NULL,'0'),(30,NULL,401890,NULL,NULL,'0'),(31,NULL,401891,NULL,NULL,'0'),(32,NULL,401892,NULL,NULL,'0');
/*!40000 ALTER TABLE `loaner_chargers` ENABLE KEYS */;
UNLOCK TABLES;

--
-- Table structure for table `loaner_chromebooks`
--

DROP TABLE IF EXISTS `loaner_chromebooks`;
/*!40101 SET @saved_cs_client     = @@character_set_client */;
/*!50503 SET character_set_client = utf8mb4 */;
CREATE TABLE `loaner_chromebooks` (
  `AutoID` int NOT NULL AUTO_INCREMENT,
  `Student_Number` text,
  `ITR` int DEFAULT NULL,
  `Serial` text,
  `Make` text,
  `Part_Number` text,
  `Grp` text,
  `Status` int DEFAULT NULL,
  `Checked_in` varchar(255) DEFAULT NULL,
  `Check_out` varchar(255) DEFAULT NULL,
  PRIMARY KEY (`AutoID`)
) ENGINE=InnoDB AUTO_INCREMENT=127 DEFAULT CHARSET=utf8mb4 COLLATE=utf8mb4_0900_ai_ci;
/*!40101 SET character_set_client = @saved_cs_client */;

--
-- Dumping data for table `loaner_chromebooks`
--

LOCK TABLES `loaner_chromebooks` WRITE;
/*!40000 ALTER TABLE `loaner_chromebooks` DISABLE KEYS */;
INSERT INTO `loaner_chromebooks` VALUES (1,'222',35962,'5CD9092RLQ','HP','11A G6','ZU',1,NULL,'2021-07-17 08:18:09'),(2,NULL,35963,'5CD9092R5F','HP','11A G6','ZU',1,NULL,NULL),(3,NULL,35964,'5CD9092RWQ','HP','11A G6','ZU',1,NULL,NULL),(4,'',35965,'5CD9092R7X','HP','11A G6','ZU',1,NULL,NULL),(5,'',35966,'5CD9092RJV','HP','11A G6','ZU',1,NULL,NULL),(6,'',35967,'5CD9092R9L','HP','11A G6','ZU',1,NULL,NULL),(7,'',35968,'5CD9092R9C','HP','11A G6','ZU',1,NULL,NULL),(8,'',35969,'5CD9092RLJ','HP','11A G6','ZU',1,NULL,NULL),(9,'',35971,'5CD9092R3X','HP','11A G6','ZU',1,NULL,NULL),(10,'',35973,'5CD9092T68','HP','11A G6','ZU',1,NULL,NULL),(11,'',35974,'5CD9092QVR','HP','11A G6','ZU',1,NULL,NULL),(12,'',35975,'5CD9092RKL','HP','11A G6','ZU',1,NULL,NULL),(13,'',35978,'5CD9093FHH','HP','11A G6','ZU',1,NULL,NULL),(14,'',35979,'5CD9092TBR','HP','11A G6','ZU',1,NULL,NULL),(15,'',35980,'5CD9092RFK','HP','11A G6','ZU',1,NULL,NULL),(16,'',35981,'5CD9092RL0','HP','11A G6','ZU',1,NULL,NULL),(17,'',35984,'5CD9092T1Z','HP','11A G6','ZU',1,NULL,NULL),(18,'',35985,'5CD9092RDQ','HP','11A G6','ZU',1,NULL,NULL),(19,'',35989,'5CD9092QX7','HP','11A G6','ZU',1,NULL,NULL),(20,'',35997,'5CD9092R2S','HP','11A G6','ZU',1,NULL,NULL),(21,'',35998,'5CD9092RFL','HP','11A G6','ZU',1,NULL,NULL),(22,'',35999,'5CD9092RW8','HP','11A G6','ZU',1,NULL,NULL),(23,'',36011,'5CD9092RC5','HP','11A G6','ZU',1,NULL,NULL),(24,NULL,36017,'5CD9092R7F','HP','11A G6','ZU',1,NULL,NULL),(25,NULL,36018,'5CD9092S9H','HP','11A G6','ZU',1,NULL,NULL),(26,NULL,36019,'5CD9092RFC','HP','11A G6','ZU',1,NULL,NULL),(27,'',36025,'5CD9092R4P','HP','11A G6','ZU',1,NULL,NULL),(28,'',36026,'5CD9092RM9','HP','11A G6','ZU',1,NULL,NULL),(29,NULL,36027,'5CD9092RLS','HP','11A G6','ZU',1,NULL,NULL),(30,'',36031,'5CD9092RB8','HP','11A G6','ZU',1,NULL,NULL),(31,NULL,36035,'5CD9092RFB','HP','11A G6','ZU',1,NULL,NULL),(32,'',36039,'5CD9092RRV','HP','11A G6','ZU',1,NULL,NULL),(33,'',36040,'5CD9092S64','HP','11A G6','ZU',1,NULL,NULL),(34,'',36071,'5CD9095P5K','HP','11A G6','ZU',1,NULL,NULL),(35,'',36072,'5CD9095P5J','HP','11A G6','ZU',1,NULL,NULL),(36,'',36881,'5CD91717X0','HP','11A G6 v20','ZU',1,NULL,NULL),(37,'',36890,'5CD9170LJ0','HP','11A G6 v20','ZU',1,NULL,NULL),(38,'',36897,'5CD9170M19','HP','11A G6 v20','ZU',1,NULL,NULL),(39,'',36898,'5CD918083D','HP','11A G6 v20','ZU',1,NULL,NULL),(40,'',36899,'5CD9170L08','HP','11A G6 v20','ZU',1,NULL,NULL),(41,'',36900,'5CD9170KP0','HP','11A G6 v20','ZU',1,NULL,NULL),(42,'',36901,'5CD917174D','HP','11A G6 v20','ZU',1,NULL,NULL),(43,'',36902,'5CD91718HY','HP','11A G6 v20','ZU',1,NULL,NULL),(44,'',36903,'5CD9170L3K','HP','11A G6 v20','ZU',1,NULL,NULL),(45,'',36905,'5CD91718GV','HP','11A G6 v20','ZU',1,NULL,NULL),(46,'',36910,'5CD917194B','HP','11A G6 v20','ZU',1,NULL,NULL),(47,'',36911,'5CD9170M5J','HP','11A G6 v20','ZU',1,NULL,NULL),(48,'',36912,'5CD9171BP8','HP','11A G6 v20','ZU',1,NULL,NULL),(49,'',36913,'5CD91716X5','HP','11A G6 v20','ZU',1,NULL,NULL),(50,'',36914,'5CD91718BC','HP','11A G6 v20','ZU',1,NULL,NULL),(51,'',36915,'5CD9170L55','HP','11A G6 v20','ZU',1,NULL,NULL),(52,'',36916,'5CD9170KYJ','HP','11A G6 v20','ZU',1,NULL,NULL),(53,'',36918,'5CD91716XT','HP','11A G6 v20','ZU',1,NULL,NULL),(54,'',36919,'5CD91718SN','HP','11A G6 v20','ZU',1,NULL,NULL),(55,'',36920,'5CD91716YY','HP','11A G6 v20','ZU',1,NULL,NULL),(56,'',36981,'5CD9171731','HP','11A G6 v20','ZU',1,NULL,NULL),(57,'',36982,'5CD917181J','HP','11A G6 v20','ZU',1,NULL,NULL),(58,'',36983,'5CD9171BLX','HP','11A G6 v20','ZU',1,NULL,NULL),(59,'',36984,'5CD91718SW','HP','11A G6 v20','ZU',1,NULL,NULL),(60,'',36986,'5CD91717V9','HP','11A G6 v20','ZU',1,NULL,NULL),(61,'',36987,'5CD9170M5Q','HP','11A G6 v20','ZU',1,NULL,NULL),(62,'',36988,'5CD91719H1','HP','11A G6 v20','ZU',1,NULL,NULL),(63,'',36989,'5CD9171947','HP','11A G6 v20','ZU',1,NULL,NULL),(64,'',36443,'5CD91717HQ','HP','11A G6 v20','ZU',1,NULL,NULL),(65,'',400184,'5CD9413J9Y','HP','11A G6','ZU',1,NULL,NULL),(66,'',400705,'P2098G36','Lenovo','100e 2nd Gen','ZU',1,NULL,NULL),(67,'',400716,'P2098N2R','Lenovo','100e 2nd Gen','ZU',1,NULL,NULL),(68,'',400770,'P2098MDB','Lenovo','100e 2nd Gen','ZU',1,NULL,NULL),(69,'',400785,'P2098MLF','Lenovo','100e 2nd Gen','ZU',1,NULL,NULL),(70,'',400790,'P2098G8L','Lenovo','100e 2nd Gen','ZU',1,NULL,NULL),(71,'',402421,'PF2WG8K6','Lenovo','100e 2nd Gen Intel','ZU',1,NULL,NULL),(72,'',402422,'PF2WFT0W','Lenovo','100e 2nd Gen Intel','ZU',1,NULL,NULL),(73,'',402423,'PF2WG618','Lenovo','100e 2nd Gen Intel','ZU',1,NULL,NULL),(74,'',402424,'PF2WFR7X','Lenovo','100e 2nd Gen Intel','ZU',1,NULL,NULL),(75,'',402425,'PF2WG2RW','Lenovo','100e 2nd Gen Intel','ZU',1,NULL,NULL),(76,'',402426,'PF2WGF0G','Lenovo','100e 2nd Gen Intel','ZU',1,NULL,NULL),(77,'',402427,'PF2WFR6V','Lenovo','100e 2nd Gen Intel','ZU',1,NULL,NULL),(78,'',402428,'PF2WFRA5','Lenovo','100e 2nd Gen Intel','ZU',1,NULL,NULL),(79,'',402429,'PF2W36WV','Lenovo','100e 2nd Gen Intel','ZU',1,NULL,NULL),(80,'',402430,'PF2WGNKD','Lenovo','100e 2nd Gen Intel','ZU',1,NULL,NULL),(81,'',402431,'PF2W3FXH','Lenovo','100e 2nd Gen Intel','ZU',1,NULL,NULL),(82,'',402432,'PF2W3AZ6','Lenovo','100e 2nd Gen Intel','ZU',1,NULL,NULL),(83,'',402433,'PF2WH4PP','Lenovo','100e 2nd Gen Intel','ZU',1,NULL,NULL),(84,'',402434,'PF2W3CZ5','Lenovo','100e 2nd Gen Intel','ZU',1,NULL,NULL),(85,'',402435,'PF2W3G1Q','Lenovo','100e 2nd Gen Intel','ZU',1,NULL,NULL),(86,'',402436,'PF2WG2TB','Lenovo','100e 2nd Gen Intel','ZU',1,NULL,NULL),(87,'',402437,'PF2WGDGH','Lenovo','100e 2nd Gen Intel','ZU',1,NULL,NULL),(88,'',402438,'PF2WFP2S','Lenovo','100e 2nd Gen Intel','ZU',1,NULL,NULL),(89,'',402439,'PF2WGKRF','Lenovo','100e 2nd Gen Intel','ZU',1,NULL,NULL),(90,'',402440,'PF2WFP42','Lenovo','100e 2nd Gen Intel','ZU',1,NULL,NULL),(91,'',402441,'PF2W36YT','Lenovo','100e 2nd Gen Intel','ZU',1,NULL,NULL),(92,'',402442,'PF2WFR8H','Lenovo','100e 2nd Gen Intel','ZU',1,NULL,NULL),(93,'',402443,'PF2WG8DX','Lenovo','100e 2nd Gen Intel','ZU',1,NULL,NULL),(94,'',402444,'PF2W3G09','Lenovo','100e 2nd Gen Intel','ZU',1,NULL,NULL),(95,'',402445,'PF2WGF1H','Lenovo','100e 2nd Gen Intel','ZU',1,NULL,NULL),(96,'',402446,'PF2WGDD5','Lenovo','100e 2nd Gen Intel','ZU',1,NULL,NULL),(97,'',402447,'PF2WG5ZM','Lenovo','100e 2nd Gen Intel','ZU',1,NULL,NULL),(98,'',402448,'PF2WGZJX','Lenovo','100e 2nd Gen Intel','ZU',1,NULL,NULL),(99,'',402449,'PF2WGNVP','Lenovo','100e 2nd Gen Intel','ZU',1,NULL,NULL),(100,'',402450,'PF2WGNJF','Lenovo','100e 2nd Gen Intel','ZU',1,NULL,NULL),(101,'',402451,'PF2WGZJD','Lenovo','100e 2nd Gen Intel','ZU',1,NULL,NULL),(102,'',402452,'PF2WG4A4','Lenovo','100e 2nd Gen Intel','ZU',1,NULL,NULL),(103,'',402453,'PF2WG871','Lenovo','100e 2nd Gen Intel','ZU',1,NULL,NULL),(104,'',402454,'PF2WG89G','Lenovo','100e 2nd Gen Intel','ZU',1,NULL,NULL),(105,'',402455,'PF2WFZR4','Lenovo','100e 2nd Gen Intel','ZU',1,NULL,NULL),(106,'',402456,'PF2WGKR9','Lenovo','100e 2nd Gen Intel','ZU',1,NULL,NULL),(107,'',402457,'PF2WGNHY','Lenovo','100e 2nd Gen Intel','ZU',1,NULL,NULL),(108,'',402458,'PF2WH3V8','Lenovo','100e 2nd Gen Intel','ZU',1,NULL,NULL),(109,'',402459,'PF2WGKSQ','Lenovo','100e 2nd Gen Intel','ZU',1,NULL,NULL),(110,'',402460,'PF2WGKT9','Lenovo','100e 2nd Gen Intel','ZU',1,NULL,NULL),(111,'',402461,'PF2WGKS3','Lenovo','100e 2nd Gen Intel','ZU',1,NULL,NULL),(112,'',402462,'PF2WGF11','Lenovo','100e 2nd Gen Intel','ZU',1,NULL,NULL),(113,'',402463,'PF2W3QNS','Lenovo','100e 2nd Gen Intel','ZU',1,NULL,NULL),(114,'',402464,'PF2WG89F','Lenovo','100e 2nd Gen Intel','ZU',1,NULL,NULL),(115,'',402465,'PF2WGKSR','Lenovo','100e 2nd Gen Intel','ZU',1,NULL,NULL),(116,'',402466,'PF2WGEZY','Lenovo','100e 2nd Gen Intel','ZU',1,NULL,NULL),(117,'',402467,'PF2WG61A','Lenovo','100e 2nd Gen Intel','ZU',1,NULL,NULL),(118,'',402468,'PF2WGW15','Lenovo','100e 2nd Gen Intel','ZU',1,NULL,NULL),(119,'',402469,'PF2WGVZE','Lenovo','100e 2nd Gen Intel','ZU',1,NULL,NULL),(120,'',402470,'PF2WG8DL','Lenovo','100e 2nd Gen Intel','ZU',1,NULL,NULL);
/*!40000 ALTER TABLE `loaner_chromebooks` ENABLE KEYS */;
UNLOCK TABLES;

--
-- Table structure for table `ps`
--

DROP TABLE IF EXISTS `ps`;
/*!40101 SET @saved_cs_client     = @@character_set_client */;
/*!50503 SET character_set_client = utf8mb4 */;
CREATE TABLE `ps` (
  `AutoID` int NOT NULL AUTO_INCREMENT,
  `Student_Number` varchar(45) DEFAULT NULL,
  PRIMARY KEY (`AutoID`)
) ENGINE=InnoDB AUTO_INCREMENT=1807 DEFAULT CHARSET=utf8mb4 COLLATE=utf8mb4_0900_ai_ci;
/*!40101 SET character_set_client = @saved_cs_client */;

--
-- Dumping data for table `ps`
--

LOCK TABLES `ps` WRITE;
/*!40000 ALTER TABLE `ps` DISABLE KEYS */;
INSERT INTO `ps` VALUES (1,'2251435'),(2,'2250001'),(3,'2252490'),(4,'2252875'),(5,'2253130'),(6,'2242000'),(7,'2242005'),(8,'2242007'),(9,'2242010'),(10,'2242015'),(11,'2242017'),(12,'2242020'),(13,'2242025'),(14,'2242030'),(15,'2242035'),(16,'2242040'),(17,'2242045'),(18,'2242050'),(19,'2242055'),(20,'2242060'),(21,'2242065'),(22,'2242070'),(23,'2221590'),(24,'2242075'),(25,'2242080'),(26,'2242085'),(27,'3242545'),(28,'2242095'),(29,'2242100'),(30,'2242110'),(31,'2242112'),(32,'2242120'),(33,'2242125'),(34,'2242130'),(35,'2242135'),(36,'2242145'),(37,'2242150'),(38,'2242155'),(39,'2242160'),(40,'2242165'),(41,'2242175'),(42,'2242180'),(43,'2232688'),(44,'2242185'),(45,'2242190'),(46,'2242195'),(47,'2242197'),(48,'2221755'),(49,'2242200'),(50,'2242205'),(51,'2242210'),(52,'2242215'),(53,'2242225'),(54,'2242226'),(55,'2242227'),(56,'2242230'),(57,'2242235'),(58,'2242240'),(59,'2244040'),(60,'2242245'),(61,'2242250'),(62,'2242260'),(63,'2242265'),(64,'2221854'),(65,'2242270'),(66,'2242275'),(67,'2242280'),(68,'2232840'),(69,'2242282'),(70,'2242285'),(71,'2242302'),(72,'2242304'),(73,'2242290'),(74,'2242295'),(75,'2242300'),(76,'2242305'),(77,'2242310'),(78,'2242315'),(79,'2242325'),(80,'2244043'),(81,'2244045'),(82,'2242330'),(83,'2242335'),(84,'2242340'),(85,'2242342'),(86,'2242345'),(87,'2242350'),(88,'2242355'),(89,'2242360'),(90,'2242362'),(91,'2242365'),(92,'2242370'),(93,'2242375'),(94,'2242380'),(95,'2242385'),(96,'2242390'),(97,'2242395'),(98,'2242400'),(99,'2242405'),(100,'2242410'),(101,'2242415'),(102,'2242470'),(103,'2242420'),(104,'2242425'),(105,'2244085'),(106,'2242430'),(107,'2242435'),(108,'2242445'),(109,'2244087'),(110,'2242452'),(111,'2242450'),(112,'2242460'),(113,'2242465'),(114,'2242475'),(115,'2242480'),(116,'2242485'),(117,'2242489'),(118,'2242490'),(119,'2242495'),(120,'2242500'),(121,'2242505'),(122,'2242510'),(123,'2242515'),(124,'2242520'),(125,'2242525'),(126,'2242530'),(127,'2242535'),(128,'2244090'),(129,'2242545'),(130,'2242550'),(131,'2242555'),(132,'2242560'),(133,'2242565'),(134,'2242570'),(135,'2244065'),(136,'2242575'),(137,'2242580'),(138,'2242585'),(139,'2242590'),(140,'2242592'),(141,'2242595'),(142,'2242605'),(143,'2233185'),(144,'2242610'),(145,'2222193'),(146,'2242615'),(147,'2242620'),(148,'2242625'),(149,'2242626'),(150,'2242640'),(151,'2242645'),(152,'2242650'),(153,'2242655'),(154,'2242660'),(155,'2242665'),(156,'2242675'),(157,'2242680'),(158,'2242685'),(159,'2244050'),(160,'2244052'),(161,'2242690'),(162,'2242695'),(163,'2242702'),(164,'2242700'),(165,'2242705'),(166,'3222370'),(167,'2242710'),(168,'2242715'),(169,'2242720'),(170,'2242725'),(171,'2244115'),(172,'2242730'),(173,'2242735'),(174,'2242740'),(175,'2242745'),(176,'2242750'),(177,'2242752'),(178,'2244100'),(179,'2242755'),(180,'2242760'),(181,'2242765'),(182,'2242770'),(183,'2242775'),(184,'2242780'),(185,'2242785'),(186,'2242787'),(187,'2242790'),(188,'2242795'),(189,'2242797'),(190,'2222412'),(191,'2242800'),(192,'2242810'),(193,'2242815'),(194,'2242820'),(195,'2242825'),(196,'2242830'),(197,'2242832'),(198,'2242835'),(199,'2242840'),(200,'2242845'),(201,'2242850'),(202,'2244105'),(203,'2242855'),(204,'3243420'),(205,'2242865'),(206,'2242870'),(207,'2242875'),(208,'2242877'),(209,'2242880'),(210,'2242885'),(211,'2244055'),(212,'2242890'),(213,'2242895'),(214,'2242900'),(215,'2242902'),(216,'2242905'),(217,'2242915'),(218,'2242920'),(219,'2242925'),(220,'2242930'),(221,'2242940'),(222,'2222659'),(223,'2242945'),(224,'2242967'),(225,'2242950'),(226,'2242955'),(227,'2242960'),(228,'2242965'),(229,'2242970'),(230,'2242975'),(231,'2242980'),(232,'2242985'),(233,'2242990'),(234,'2242995'),(235,'2243005'),(236,'2243010'),(237,'2243012'),(238,'2243015'),(239,'2243025'),(240,'2243030'),(241,'2243035'),(242,'2243045'),(243,'2243050'),(244,'2243055'),(245,'2243060'),(246,'2243062'),(247,'2243067'),(248,'2243065'),(249,'2243070'),(250,'2243080'),(251,'2243095'),(252,'2243090'),(253,'2243085'),(254,'2233820'),(255,'2243100'),(256,'2243102'),(257,'2243105'),(258,'2243110'),(259,'2243115'),(260,'2243125'),(261,'2243130'),(262,'2243135'),(263,'3233715'),(264,'2243137'),(265,'2243140'),(266,'2243145'),(267,'3243670'),(268,'2243150'),(269,'2243155'),(270,'2243175'),(271,'2243160'),(272,'2243165'),(273,'2243170'),(274,'2243182'),(275,'2243180'),(276,'2243190'),(277,'2243195'),(278,'2243200'),(279,'2243205'),(280,'2243210'),(281,'2243215'),(282,'2243220'),(283,'2243225'),(284,'2243230'),(285,'2243235'),(286,'2243240'),(287,'2243242'),(288,'2243245'),(289,'2243250'),(290,'2233986'),(291,'2243255'),(292,'2243260'),(293,'2243262'),(294,'2243265'),(295,'2243270'),(296,'2243275'),(297,'2243280'),(298,'2243285'),(299,'2243288'),(300,'2243290'),(301,'2234005'),(302,'2234022'),(303,'2243295'),(304,'2243300'),(305,'2243302'),(306,'2243305'),(307,'2244110'),(308,'2223137'),(309,'2243315'),(310,'2243320'),(311,'2244070'),(312,'2243325'),(313,'2243330'),(314,'2244060'),(315,'2244062'),(316,'2243335'),(317,'2243340'),(318,'2243355'),(319,'2243360'),(320,'2243362'),(321,'2234110'),(322,'2243365'),(323,'2243370'),(324,'2243375'),(325,'2243380'),(326,'2243385'),(327,'2243390'),(328,'2243395'),(329,'2243405'),(330,'2243415'),(331,'2243420'),(332,'2243425'),(333,'2243430'),(334,'2243450'),(335,'2243435'),(336,'2243445'),(337,'2243455'),(338,'2243460'),(339,'2243465'),(340,'2243470'),(341,'2243475'),(342,'2243480'),(343,'2243485'),(344,'2243490'),(345,'2243495'),(346,'2243500'),(347,'2243502'),(348,'2243510'),(349,'2243515'),(350,'2234295'),(351,'2243517'),(352,'2223366'),(353,'2243520'),(354,'2243525'),(355,'2243530'),(356,'2243535'),(357,'2243540'),(358,'2243545'),(359,'2243550'),(360,'2243555'),(361,'2243560'),(362,'2243565'),(363,'2243567'),(364,'2243580'),(365,'2243585'),(366,'2243590'),(367,'2243595'),(368,'2243600'),(369,'2243605'),(370,'2243610'),(371,'2243615'),(372,'2243620'),(373,'2243626'),(374,'2243635'),(375,'2243627'),(376,'2243630'),(377,'2243640'),(378,'2243645'),(379,'3244385'),(380,'2243655'),(381,'2243660'),(382,'2243665'),(383,'2243670'),(384,'2243675'),(385,'2243680'),(386,'2243685'),(387,'2243690'),(388,'2243695'),(389,'2243700'),(390,'2243702'),(391,'2243705'),(392,'2243710'),(393,'2243715'),(394,'2243720'),(395,'2243717'),(396,'2243722'),(397,'2243725'),(398,'2243730'),(399,'2243735'),(400,'2243740'),(401,'2243745'),(402,'2243750'),(403,'2243755'),(404,'2243760'),(405,'2243765'),(406,'2243770'),(407,'2243775'),(408,'2243780'),(409,'2243782'),(410,'2243785'),(411,'2244075'),(412,'2243790'),(413,'2243795'),(414,'2243797'),(415,'2243799'),(416,'2243800'),(417,'2243805'),(418,'2243810'),(419,'2243813'),(420,'2243815'),(421,'2243820'),(422,'2243825'),(423,'2234615'),(424,'2243830'),(425,'2243835'),(426,'2243845'),(427,'2243850'),(428,'2243842'),(429,'2243855'),(430,'2243860'),(431,'3244595'),(432,'2243865'),(433,'2243870'),(434,'2243875'),(435,'2243880'),(436,'2243885'),(437,'2243890'),(438,'2243895'),(439,'2243900'),(440,'2243905'),(441,'2243912'),(442,'2243910'),(443,'2243915'),(444,'2243920'),(445,'2243925'),(446,'2243930'),(447,'2243935'),(448,'2243940'),(449,'2244080'),(450,'2243950'),(451,'2243960'),(452,'2223783'),(453,'2243965'),(454,'2243970'),(455,'2223810'),(456,'2243975'),(457,'2243980'),(458,'2243985'),(459,'2243990'),(460,'2243995'),(461,'2244000'),(462,'2244005'),(463,'2244007'),(464,'2244010'),(465,'2244012'),(466,'2244015'),(467,'2244020'),(468,'2244025'),(469,'2244030'),(470,'2244035'),(471,'2232500'),(472,'2232505'),(473,'2232513'),(474,'2232510'),(475,'2232515'),(476,'3232530'),(477,'2232520'),(478,'2232523'),(479,'2232525'),(480,'2232530'),(481,'2232563'),(482,'2232535'),(483,'2232537'),(484,'2232540'),(485,'2232541'),(486,'2232545'),(487,'2232550'),(488,'2232555'),(489,'2232565'),(490,'2232570'),(491,'2232575'),(492,'2232580'),(493,'2232581'),(494,'2232587'),(495,'2232585'),(496,'2232561'),(497,'2232590'),(498,'2232592'),(499,'2232595'),(500,'2232598'),(501,'2232600'),(502,'2232605'),(503,'2232606'),(504,'2232615'),(505,'2232620'),(506,'2232625'),(507,'2232630'),(508,'2232635'),(509,'2232638'),(510,'2232640'),(511,'2232645'),(512,'2232650'),(513,'2232655'),(514,'2232660'),(515,'2232665'),(516,'2232670'),(517,'2232675'),(518,'2232676'),(519,'2232685'),(520,'2221710'),(521,'2232690'),(522,'2232695'),(523,'2232700'),(524,'2232710'),(525,'2232715'),(526,'2232720'),(527,'2232725'),(528,'2232730'),(529,'2232735'),(530,'2232740'),(531,'2232745'),(532,'2232750'),(533,'2232755'),(534,'2232760'),(535,'2232765'),(536,'2232770'),(537,'2232775'),(538,'2232780'),(539,'2232785'),(540,'2232792'),(541,'2232790'),(542,'2232795'),(543,'2232800'),(544,'2232805'),(545,'2232815'),(546,'2232820'),(547,'2232825'),(548,'2232830'),(549,'3232832'),(550,'2232835'),(551,'2232843'),(552,'2232845'),(553,'2232850'),(554,'2232852'),(555,'2232860'),(556,'2232865'),(557,'2232870'),(558,'2232875'),(559,'2232877'),(560,'2232878'),(561,'2232880'),(562,'2232882'),(563,'2232885'),(564,'2232887'),(565,'2232890'),(566,'2232896'),(567,'2232900'),(568,'2232902'),(569,'2232905'),(570,'2232907'),(571,'2232910'),(572,'2232915'),(573,'2232920'),(574,'2232925'),(575,'2232930'),(576,'2232940'),(577,'2232950'),(578,'2232955'),(579,'2232935'),(580,'2232945'),(581,'2221960'),(582,'2232960'),(583,'2234120'),(584,'2232965'),(585,'2232980'),(586,'2232985'),(587,'2232990'),(588,'2232995'),(589,'2232996'),(590,'2233005'),(591,'2233010'),(592,'2233030'),(593,'2233015'),(594,'2233020'),(595,'2233025'),(596,'2233035'),(597,'2233040'),(598,'2233046'),(599,'2233050'),(600,'2233055'),(601,'2233060'),(602,'2233062'),(603,'2233065'),(604,'2233070'),(605,'2233075'),(606,'2233080'),(607,'2222060'),(608,'2233084'),(609,'2233085'),(610,'2233090'),(611,'2233093'),(612,'2233095'),(613,'2233100'),(614,'2233102'),(615,'2233110'),(616,'2233115'),(617,'2233125'),(618,'2233130'),(619,'2233135'),(620,'2233140'),(621,'2233145'),(622,'2233150'),(623,'2233155'),(624,'2233160'),(625,'2233165'),(626,'2233170'),(627,'2233175'),(628,'2233180'),(629,'2233210'),(630,'2233190'),(631,'2233192'),(632,'2233195'),(633,'2233200'),(634,'2233205'),(635,'2233215'),(636,'2233220'),(637,'3221319'),(638,'2233225'),(639,'2233230'),(640,'2233235'),(641,'2233240'),(642,'2233245'),(643,'2233250'),(644,'2233255'),(645,'2233260'),(646,'2233265'),(647,'2233267'),(648,'2233269'),(649,'2233275'),(650,'2233280'),(651,'2233290'),(652,'2233295'),(653,'2233293'),(654,'2233305'),(655,'2233310'),(656,'2233311'),(657,'2222320'),(658,'2233315'),(659,'2233324'),(660,'2233325'),(661,'2233326'),(662,'2233328'),(663,'2233327'),(664,'2233330'),(665,'2233343'),(666,'2233345'),(667,'2233350'),(668,'2233355'),(669,'2233360'),(670,'2233365'),(671,'2233370'),(672,'2233372'),(673,'2233380'),(674,'2233390'),(675,'2233045'),(676,'2233395'),(677,'2233400'),(678,'2233402'),(679,'2233405'),(680,'2233410'),(681,'2233420'),(682,'2233421'),(683,'2233430'),(684,'2233435'),(685,'2233440'),(686,'2233442'),(687,'2233445'),(688,'2233450'),(689,'2233455'),(690,'2233460'),(691,'2233465'),(692,'2233470'),(693,'2233475'),(694,'2222545'),(695,'2233485'),(696,'2233487'),(697,'2233490'),(698,'2233495'),(699,'2233497'),(700,'2233500'),(701,'2233505'),(702,'2233510'),(703,'2233515'),(704,'2233520'),(705,'2233525'),(706,'2233530'),(707,'2233533'),(708,'2233535'),(709,'2233538'),(710,'2233540'),(711,'2233545'),(712,'2233550'),(713,'2233555'),(714,'2233559'),(715,'2233560'),(716,'2233558'),(717,'2233565'),(718,'2233570'),(719,'2233580'),(720,'2233585'),(721,'2233590'),(722,'2233595'),(723,'2233600'),(724,'2233610'),(725,'2233613'),(726,'2233615'),(727,'2233620'),(728,'2233625'),(729,'2233630'),(730,'2233635'),(731,'2233640'),(732,'2233650'),(733,'2233655'),(734,'2233660'),(735,'2233665'),(736,'2233670'),(737,'2233675'),(738,'2233672'),(739,'2233685'),(740,'2233690'),(741,'2233695'),(742,'2233700'),(743,'2233705'),(744,'2233710'),(745,'2233713'),(746,'2233715'),(747,'2233720'),(748,'2233725'),(749,'2230001'),(750,'2233735'),(751,'2233740'),(752,'2233750'),(753,'2233755'),(754,'2233760'),(755,'2233765'),(756,'2233767'),(757,'2233770'),(758,'2233780'),(759,'2233785'),(760,'2233795'),(761,'2233898'),(762,'2233800'),(763,'2233805'),(764,'2233807'),(765,'2233825'),(766,'2233815'),(767,'2233810'),(768,'2233830'),(769,'2233842'),(770,'2233840'),(771,'2233845'),(772,'2233850'),(773,'3233695'),(774,'2233855'),(775,'2213758'),(776,'2233857'),(777,'2233860'),(778,'2233865'),(779,'2233870'),(780,'2222897'),(781,'2222915'),(782,'2233875'),(783,'2233880'),(784,'2233885'),(785,'2233890'),(786,'2233895'),(787,'2233900'),(788,'2233901'),(789,'2233905'),(790,'2233910'),(791,'2233915'),(792,'2233920'),(793,'2233925'),(794,'2233930'),(795,'2233935'),(796,'2233940'),(797,'2233945'),(798,'2233955'),(799,'2233960'),(800,'2233965'),(801,'2233970'),(802,'2233980'),(803,'2233985'),(804,'2233992'),(805,'2233988'),(806,'2233990'),(807,'2233995'),(808,'2234000'),(809,'2223090'),(810,'2234010'),(811,'2234015'),(812,'2234020'),(813,'2234025'),(814,'2234030'),(815,'2234035'),(816,'2234040'),(817,'2234045'),(818,'2234050'),(819,'2234060'),(820,'2234073'),(821,'2234055'),(822,'2234065'),(823,'2234070'),(824,'2234080'),(825,'2234085'),(826,'2234090'),(827,'2234095'),(828,'2234093'),(829,'2234100'),(830,'2234105'),(831,'2234107'),(832,'2234115'),(833,'2234125'),(834,'2234135'),(835,'2234140'),(836,'2234150'),(837,'2233575'),(838,'2234153'),(839,'2234155'),(840,'2234160'),(841,'2234165'),(842,'2234175'),(843,'2234180'),(844,'2234185'),(845,'2234188'),(846,'2234190'),(847,'2234192'),(848,'2234195'),(849,'2234200'),(850,'2234210'),(851,'2234215'),(852,'2223325'),(853,'2234245'),(854,'2234220'),(855,'2234225'),(856,'2234230'),(857,'2214182'),(858,'2234235'),(859,'2234240'),(860,'2234250'),(861,'2234255'),(862,'2234258'),(863,'2234260'),(864,'2234275'),(865,'2234265'),(866,'2234270'),(867,'2234278'),(868,'2234280'),(869,'2234290'),(870,'2234293'),(871,'2234396'),(872,'2234397'),(873,'2234398'),(874,'2234300'),(875,'2234305'),(876,'2234307'),(877,'2234310'),(878,'2234315'),(879,'2234318'),(880,'2234320'),(881,'2234325'),(882,'2234330'),(883,'2234333'),(884,'2234334'),(885,'2234335'),(886,'2234340'),(887,'2234345'),(888,'2234350'),(889,'2234355'),(890,'2234375'),(891,'2234371'),(892,'2234378'),(893,'2234380'),(894,'2234385'),(895,'2234386'),(896,'2234390'),(897,'2234395'),(898,'2234400'),(899,'2234410'),(900,'2234415'),(901,'2234420'),(902,'2234425'),(903,'2234430'),(904,'2234440'),(905,'2234445'),(906,'2233645'),(907,'2233647'),(908,'2234455'),(909,'2234460'),(910,'2234465'),(911,'2234495'),(912,'2234500'),(913,'2234505'),(914,'2234507'),(915,'2234511'),(916,'2234510'),(917,'2234513'),(918,'2234515'),(919,'2234517'),(920,'2234520'),(921,'2234535'),(922,'2234546'),(923,'2234545'),(924,'2234550'),(925,'2234552'),(926,'2234553'),(927,'2234555'),(928,'2234560'),(929,'2234565'),(930,'2234580'),(931,'2234585'),(932,'2234595'),(933,'2234600'),(934,'2234605'),(935,'2234610'),(936,'2214616'),(937,'2234617'),(938,'2234618'),(939,'2234620'),(940,'2234625'),(941,'2234630'),(942,'2234631'),(943,'2223675'),(944,'2234632'),(945,'2234635'),(946,'2234640'),(947,'2234645'),(948,'2234650'),(949,'2234655'),(950,'2234660'),(951,'2234662'),(952,'2234665'),(953,'2234667'),(954,'2234668'),(955,'2234670'),(956,'2234675'),(957,'2234680'),(958,'2234700'),(959,'2223760'),(960,'2234705'),(961,'2234707'),(962,'2234710'),(963,'2234711'),(964,'2234718'),(965,'2234720'),(966,'2214715'),(967,'2234730'),(968,'2234735'),(969,'2234740'),(970,'2234745'),(971,'2234748'),(972,'2234750'),(973,'2234755'),(974,'2234757'),(975,'2234758'),(976,'2234760'),(977,'2234765'),(978,'2244022'),(979,'2234775'),(980,'2234780'),(981,'2234785'),(982,'2221530'),(983,'2201537'),(984,'2221535'),(985,'2221537'),(986,'2221540'),(987,'2221545'),(988,'2221550'),(989,'2221555'),(990,'2221560'),(991,'2221567'),(992,'2221565'),(993,'2221570'),(994,'2221576'),(995,'2221573'),(996,'2221572'),(997,'2221575'),(998,'2221580'),(999,'2221585'),(1000,'2221581'),(1001,'2221595'),(1002,'2221597'),(1003,'2212600'),(1004,'2221604'),(1005,'2221605'),(1006,'2221610'),(1007,'2221615'),(1008,'2221630'),(1009,'2221633'),(1010,'2221635'),(1011,'2221637'),(1012,'2221640'),(1013,'2221645'),(1014,'2221650'),(1015,'2221655'),(1016,'2221660'),(1017,'2221665'),(1018,'2221670'),(1019,'2221675'),(1020,'2221685'),(1021,'2221700'),(1022,'2221705'),(1023,'2221720'),(1024,'2221725'),(1025,'2221730'),(1026,'2221735'),(1027,'2221740'),(1028,'2221745'),(1029,'2221750'),(1030,'2221760'),(1031,'2221765'),(1032,'2221770'),(1033,'2221775'),(1034,'2221780'),(1035,'2221785'),(1036,'2221790'),(1037,'2221795'),(1038,'2221805'),(1039,'2221810'),(1040,'2221815'),(1041,'2221820'),(1042,'2221825'),(1043,'2221830'),(1044,'2221835'),(1045,'2221836'),(1046,'2221840'),(1047,'2221850'),(1048,'2221855'),(1049,'2221860'),(1050,'2221875'),(1051,'2221870'),(1052,'2221880'),(1053,'2221885'),(1054,'2221890'),(1055,'2221892'),(1056,'2221895'),(1057,'2221900'),(1058,'2221902'),(1059,'2221905'),(1060,'2221910'),(1061,'2221915'),(1062,'2221920'),(1063,'2221925'),(1064,'2221930'),(1065,'2221932'),(1066,'2221935'),(1067,'2221940'),(1068,'2221945'),(1069,'2221950'),(1070,'2221955'),(1071,'2221965'),(1072,'2221977'),(1073,'2221968'),(1074,'2221970'),(1075,'2221972'),(1076,'2221980'),(1077,'2221973'),(1078,'2212985'),(1079,'2221990'),(1080,'2221995'),(1081,'2222000'),(1082,'2220001'),(1083,'2222008'),(1084,'2222020'),(1085,'2222025'),(1086,'2222030'),(1087,'2222040'),(1088,'2222042'),(1089,'2222045'),(1090,'2222050'),(1091,'2222055'),(1092,'2222058'),(1093,'2222057'),(1094,'2222065'),(1095,'2222070'),(1096,'2222075'),(1097,'2222080'),(1098,'2222085'),(1099,'2222090'),(1100,'2222095'),(1101,'2222105'),(1102,'2222110'),(1103,'2222120'),(1104,'2222125'),(1105,'2222130'),(1106,'2222140'),(1107,'2222145'),(1108,'2222148'),(1109,'2222150'),(1110,'2222155'),(1111,'2222160'),(1112,'2222165'),(1113,'2222170'),(1114,'2222175'),(1115,'2222180'),(1116,'2222185'),(1117,'2222190'),(1118,'2222195'),(1119,'2222200'),(1120,'2222205'),(1121,'2222210'),(1122,'2222215'),(1123,'2222220'),(1124,'2222225'),(1125,'2222230'),(1126,'2222235'),(1127,'2213212'),(1128,'2222275'),(1129,'2213221'),(1130,'2222245'),(1131,'2222250'),(1132,'2222260'),(1133,'2222265'),(1134,'2222270'),(1135,'2222285'),(1136,'2222290'),(1137,'2222295'),(1138,'2222300'),(1139,'2222305'),(1140,'2222307'),(1141,'2222310'),(1142,'2222323'),(1143,'2222325'),(1144,'2222315'),(1145,'2222330'),(1146,'2222333'),(1147,'2222335'),(1148,'2222345'),(1149,'2222350'),(1150,'2222355'),(1151,'2222360'),(1152,'2222365'),(1153,'2222363'),(1154,'2222370'),(1155,'2222375'),(1156,'2222390'),(1157,'2222387'),(1158,'2222395'),(1159,'2222405'),(1160,'2222410'),(1161,'2222415'),(1162,'2222420'),(1163,'2222425'),(1164,'2222430'),(1165,'2222435'),(1166,'2222440'),(1167,'2222445'),(1168,'2222460'),(1169,'2222465'),(1170,'2222470'),(1171,'2222475'),(1172,'2222500'),(1173,'2222490'),(1174,'2222495'),(1175,'2222505'),(1176,'2222520'),(1177,'2222525'),(1178,'2222530'),(1179,'2222535'),(1180,'2222540'),(1181,'2222550'),(1182,'2222555'),(1183,'2222560'),(1184,'2222565'),(1185,'2222569'),(1186,'2222570'),(1187,'2222577'),(1188,'2222585'),(1189,'2222587'),(1190,'2213502'),(1191,'2222590'),(1192,'2222595'),(1193,'2222600'),(1194,'2222601'),(1195,'2222603'),(1196,'2222605'),(1197,'2222610'),(1198,'2222615'),(1199,'2222620'),(1200,'2222625'),(1201,'2222630'),(1202,'2222638'),(1203,'2222645'),(1204,'2222650'),(1205,'2222655'),(1206,'2222665'),(1207,'2222670'),(1208,'2222680'),(1209,'2222685'),(1210,'2222690'),(1211,'2222695'),(1212,'2222700'),(1213,'2222702'),(1214,'2222705'),(1215,'2222710'),(1216,'2222715'),(1217,'2222720'),(1218,'2222730'),(1219,'2222735'),(1220,'2222740'),(1221,'2222745'),(1222,'2222750'),(1223,'2222755'),(1224,'2222760'),(1225,'2222765'),(1226,'2222768'),(1227,'2222770'),(1228,'2222775'),(1229,'2222780'),(1230,'2222790'),(1231,'2222795'),(1232,'2222797'),(1233,'2222800'),(1234,'2222805'),(1235,'2222810'),(1236,'2222815'),(1237,'2222840'),(1238,'2223386'),(1239,'2222830'),(1240,'2222825'),(1241,'2213778'),(1242,'2222835'),(1243,'2222845'),(1244,'2222850'),(1245,'2222855'),(1246,'2222860'),(1247,'2222865'),(1248,'2222870'),(1249,'2222875'),(1250,'2222880'),(1251,'2222885'),(1252,'2222890'),(1253,'2222895'),(1254,'2222900'),(1255,'2222905'),(1256,'2222910'),(1257,'3222862'),(1258,'2222920'),(1259,'2222925'),(1260,'2222935'),(1261,'2222940'),(1262,'2222945'),(1263,'2220002'),(1264,'2222960'),(1265,'2222965'),(1266,'2222970'),(1267,'2222975'),(1268,'2222990'),(1269,'3222985'),(1270,'2222980'),(1271,'2222985'),(1272,'2222995'),(1273,'2223000'),(1274,'2233942'),(1275,'2223005'),(1276,'2223010'),(1277,'2223020'),(1278,'2223025'),(1279,'2223030'),(1280,'2223035'),(1281,'2223041'),(1282,'2223042'),(1283,'2223043'),(1284,'2223050'),(1285,'2223065'),(1286,'2223068'),(1287,'2223070'),(1288,'2223075'),(1289,'2223077'),(1290,'2223080'),(1291,'2223085'),(1292,'2223037'),(1293,'2223095'),(1294,'2223100'),(1295,'2223105'),(1296,'2223110'),(1297,'2223115'),(1298,'2223120'),(1299,'2223027'),(1300,'2223125'),(1301,'2223130'),(1302,'2223135'),(1303,'2223140'),(1304,'2223145'),(1305,'2223150'),(1306,'2223155'),(1307,'2223165'),(1308,'2223170'),(1309,'2223175'),(1310,'2223180'),(1311,'2223185'),(1312,'2223187'),(1313,'2223195'),(1314,'2223199'),(1315,'2223203'),(1316,'2223205'),(1317,'2223210'),(1318,'2223225'),(1319,'2223230'),(1320,'2223235'),(1321,'2223246'),(1322,'2223250'),(1323,'2223255'),(1324,'2223260'),(1325,'2223265'),(1326,'2223270'),(1327,'2223280'),(1328,'2223285'),(1329,'2223295'),(1330,'2223300'),(1331,'2223310'),(1332,'2223315'),(1333,'2214170'),(1334,'2223332'),(1335,'2223330'),(1336,'2223335'),(1337,'2223340'),(1338,'2223342'),(1339,'2223343'),(1340,'2223345'),(1341,'2223350'),(1342,'2223355'),(1343,'3223475'),(1344,'2223365'),(1345,'2223368'),(1346,'2223370'),(1347,'2214250'),(1348,'2223371'),(1349,'2223373'),(1350,'2223375'),(1351,'2223380'),(1352,'2223384'),(1353,'2223385'),(1354,'2223395'),(1355,'2223400'),(1356,'2223406'),(1357,'2223405'),(1358,'2223410'),(1359,'2223414'),(1360,'2223415'),(1361,'2223420'),(1362,'2223423'),(1363,'2223424'),(1364,'2223428'),(1365,'2223429'),(1366,'2223430'),(1367,'2223440'),(1368,'2223445'),(1369,'2223450'),(1370,'2223455'),(1371,'2223485'),(1372,'2223490'),(1373,'2223500'),(1374,'2223515'),(1375,'2223517'),(1376,'2223520'),(1377,'2223525'),(1378,'2223530'),(1379,'2223540'),(1380,'2223527'),(1381,'2223545'),(1382,'2223550'),(1383,'2223555'),(1384,'2223560'),(1385,'2223565'),(1386,'2223570'),(1387,'2223575'),(1388,'2223580'),(1389,'2223586'),(1390,'2223585'),(1391,'2223587'),(1392,'2223590'),(1393,'2223592'),(1394,'2223595'),(1395,'2223600'),(1396,'2223610'),(1397,'2223615'),(1398,'2223623'),(1399,'2223627'),(1400,'2223630'),(1401,'2223635'),(1402,'2223640'),(1403,'2223645'),(1404,'2223650'),(1405,'2223655'),(1406,'2223665'),(1407,'2223670'),(1408,'2223680'),(1409,'2223685'),(1410,'2223690'),(1411,'2223695'),(1412,'2223700'),(1413,'2223702'),(1414,'2223705'),(1415,'2223710'),(1416,'2223720'),(1417,'2223715'),(1418,'2223725'),(1419,'2223730'),(1420,'2223735'),(1421,'2223740'),(1422,'2223750'),(1423,'2214690'),(1424,'2223755'),(1425,'2223775'),(1426,'2223780'),(1427,'2223785'),(1428,'2219999'),(1429,'2223795'),(1430,'2223800'),(1431,'2223805'),(1432,'2223815'),(1433,'2223823'),(1434,'2223825'),(1435,'2223830'),(1436,'2223835'),(1437,'2223839'),(1438,'2223840'),(1439,'2223845'),(1440,'2223850'),(1441,'2223852'),(1442,'2223855'),(1443,'2223860'),(1444,'2223865'),(1445,'2223868'),(1446,'2223870'),(1447,'2223875'),(1448,'2223876'),(1449,'2223877'),(1450,'2223880'),(1451,'2223885'),(1452,'2223890'),(1453,'2223900'),(1454,'2223905'),(1455,'2212500'),(1456,'2212505'),(1457,'2212510'),(1458,'2212520'),(1459,'2212540'),(1460,'2212543'),(1461,'2212545'),(1462,'2212550'),(1463,'2212552'),(1464,'2212555'),(1465,'2212560'),(1466,'2212565'),(1467,'2212570'),(1468,'2212575'),(1469,'2212580'),(1470,'2212581'),(1471,'2212585'),(1472,'2171203'),(1473,'2212595'),(1474,'2212605'),(1475,'2212610'),(1476,'2212615'),(1477,'2202643'),(1478,'2212630'),(1479,'2212635'),(1480,'2212640'),(1481,'2212645'),(1482,'2212660'),(1483,'2212665'),(1484,'2212675'),(1485,'2212685'),(1486,'2212686'),(1487,'2212687'),(1488,'2212690'),(1489,'2212695'),(1490,'2212710'),(1491,'2212715'),(1492,'2212720'),(1493,'2212735'),(1494,'2212740'),(1495,'2212747'),(1496,'2212755'),(1497,'2212760'),(1498,'2212765'),(1499,'2212767'),(1500,'2202843'),(1501,'2212770'),(1502,'2212775'),(1503,'2182810'),(1504,'2212792'),(1505,'2212810'),(1506,'2212815'),(1507,'2212820'),(1508,'2212830'),(1509,'2212835'),(1510,'2212840'),(1511,'2212850'),(1512,'2212851'),(1513,'2212855'),(1514,'2212870'),(1515,'2212880'),(1516,'2212885'),(1517,'2212890'),(1518,'2212898'),(1519,'2212905'),(1520,'2212915'),(1521,'2212922'),(1522,'2212925'),(1523,'2212930'),(1524,'2212945'),(1525,'2212950'),(1526,'2212965'),(1527,'2212970'),(1528,'2212975'),(1529,'2212980'),(1530,'2213020'),(1531,'2212995'),(1532,'2213025'),(1533,'2213030'),(1534,'2213035'),(1535,'2213045'),(1536,'2213055'),(1537,'2213060'),(1538,'2213070'),(1539,'2213703'),(1540,'2213077'),(1541,'2213090'),(1542,'2213095'),(1543,'2213105'),(1544,'2213108'),(1545,'2213110'),(1546,'2213130'),(1547,'2213135'),(1548,'2213140'),(1549,'2213145'),(1550,'2213160'),(1551,'2213165'),(1552,'2213170'),(1553,'2213175'),(1554,'2193158'),(1555,'2213185'),(1556,'2213190'),(1557,'2213192'),(1558,'2213195'),(1559,'2213200'),(1560,'2213203'),(1561,'2213207'),(1562,'2213210'),(1563,'2193213'),(1564,'2213235'),(1565,'2213245'),(1566,'2213250'),(1567,'2213255'),(1568,'2213257'),(1569,'2213183'),(1570,'2213260'),(1571,'2213265'),(1572,'2213275'),(1573,'2213280'),(1574,'2213282'),(1575,'2213281'),(1576,'2193270'),(1577,'2213305'),(1578,'2213315'),(1579,'2213327'),(1580,'2213330'),(1581,'2213350'),(1582,'2213360'),(1583,'2213365'),(1584,'2213370'),(1585,'2213388'),(1586,'2213400'),(1587,'2213408'),(1588,'2213415'),(1589,'2213420'),(1590,'2213425'),(1591,'2213430'),(1592,'2213455'),(1593,'2213465'),(1594,'2213475'),(1595,'2213480'),(1596,'2213485'),(1597,'2213490'),(1598,'2213495'),(1599,'2213500'),(1600,'2213505'),(1601,'2213525'),(1602,'3213493'),(1603,'2213545'),(1604,'2213550'),(1605,'2213552'),(1606,'2213551'),(1607,'2213560'),(1608,'2213565'),(1609,'2213570'),(1610,'2213583'),(1611,'2213585'),(1612,'2213605'),(1613,'2213610'),(1614,'2213615'),(1615,'2213620'),(1616,'2213625'),(1617,'2213630'),(1618,'2213645'),(1619,'2213647'),(1620,'2213650'),(1621,'2213655'),(1622,'2213665'),(1623,'2213670'),(1624,'2213680'),(1625,'2213685'),(1626,'2213690'),(1627,'2213700'),(1628,'2213710'),(1629,'2213715'),(1630,'2213720'),(1631,'2213725'),(1632,'2213730'),(1633,'2213745'),(1634,'2213785'),(1635,'2213777'),(1636,'2213775'),(1637,'2213757'),(1638,'2213790'),(1639,'2213795'),(1640,'2203640'),(1641,'2213800'),(1642,'2213802'),(1643,'2213815'),(1644,'2213820'),(1645,'2213830'),(1646,'2213835'),(1647,'2213840'),(1648,'2213845'),(1649,'2213846'),(1650,'2213847'),(1651,'2213870'),(1652,'2213890'),(1653,'2213895'),(1654,'2213900'),(1655,'2213905'),(1656,'2213906'),(1657,'2213910'),(1658,'2213915'),(1659,'2213916'),(1660,'2213920'),(1661,'2203757'),(1662,'2213930'),(1663,'2213935'),(1664,'2213937'),(1665,'2213955'),(1666,'2213962'),(1667,'2213965'),(1668,'2213975'),(1669,'2213980'),(1670,'2213985'),(1671,'2213995'),(1672,'2214000'),(1673,'2214012'),(1674,'2214015'),(1675,'2214018'),(1676,'2214020'),(1677,'2214040'),(1678,'2214045'),(1679,'2214050'),(1680,'2214055'),(1681,'2214065'),(1682,'2214078'),(1683,'2184080'),(1684,'2214080'),(1685,'2214085'),(1686,'2214095'),(1687,'2214100'),(1688,'2214110'),(1689,'2214115'),(1690,'2214120'),(1691,'2214130'),(1692,'2214140'),(1693,'2214150'),(1694,'2214155'),(1695,'2214575'),(1696,'2214165'),(1697,'2214169'),(1698,'2214175'),(1699,'2214185'),(1700,'2214190'),(1701,'2214205'),(1702,'2214210'),(1703,'2214215'),(1704,'2214220'),(1705,'2214225'),(1706,'2214227'),(1707,'2214230'),(1708,'2214240'),(1709,'2214245'),(1710,'2214255'),(1711,'2214260'),(1712,'2214263'),(1713,'2214270'),(1714,'2204146'),(1715,'2214265'),(1716,'2214275'),(1717,'2184332'),(1718,'2204147'),(1719,'2214277'),(1720,'2204161'),(1721,'2214280'),(1722,'2214290'),(1723,'2214300'),(1724,'2214305'),(1725,'2214310'),(1726,'2214325'),(1727,'2194308'),(1728,'2214330'),(1729,'2214336'),(1730,'2214335'),(1731,'2214345'),(1732,'2214340'),(1733,'2214342'),(1734,'2214350'),(1735,'2214355'),(1736,'2214357'),(1737,'2214365'),(1738,'2214370'),(1739,'2214380'),(1740,'2214385'),(1741,'2214390'),(1742,'2214395'),(1743,'2214403'),(1744,'2214410'),(1745,'2214415'),(1746,'2214425'),(1747,'2214440'),(1748,'2214441'),(1749,'2214442'),(1750,'2214445'),(1751,'2214447'),(1752,'2214448'),(1753,'2194428'),(1754,'2214453'),(1755,'2214475'),(1756,'2214465'),(1757,'2214470'),(1758,'2214497'),(1759,'2214505'),(1760,'2214510'),(1761,'2214515'),(1762,'2214520'),(1763,'2214526'),(1764,'2214535'),(1765,'2214537'),(1766,'2214540'),(1767,'2214555'),(1768,'2213675'),(1769,'2214565'),(1770,'2214570'),(1771,'2214580'),(1772,'2214590'),(1773,'2214595'),(1774,'2214598'),(1775,'2214600'),(1776,'2184603'),(1777,'2214605'),(1778,'2214610'),(1779,'2214620'),(1780,'2214630'),(1781,'2214640'),(1782,'2214645'),(1783,'2214652'),(1784,'3214640'),(1785,'2214655'),(1786,'2214650'),(1787,'2214660'),(1788,'2214665'),(1789,'2214675'),(1790,'2204508'),(1791,'2214682'),(1792,'3214762'),(1793,'2214695'),(1794,'2214705'),(1795,'2214710'),(1796,'2194678'),(1797,'2214712'),(1798,'2184737'),(1799,'2214720'),(1800,'2214740'),(1801,'2214745'),(1802,'2214750'),(1803,'2214755'),(1804,'2214760'),(1805,'2214770'),(1806,'2214795');
/*!40000 ALTER TABLE `ps` ENABLE KEYS */;
UNLOCK TABLES;

--
-- Table structure for table `users`
--

DROP TABLE IF EXISTS `users`;
/*!40101 SET @saved_cs_client     = @@character_set_client */;
/*!50503 SET character_set_client = utf8mb4 */;
CREATE TABLE `users` (
  `AutoID` int NOT NULL AUTO_INCREMENT,
  `username` varchar(45) DEFAULT NULL,
  `password` varchar(45) DEFAULT NULL,
  `role` varchar(45) DEFAULT NULL,
  `created` datetime NOT NULL DEFAULT CURRENT_TIMESTAMP,
  PRIMARY KEY (`AutoID`)
) ENGINE=InnoDB AUTO_INCREMENT=13 DEFAULT CHARSET=utf8mb4 COLLATE=utf8mb4_0900_ai_ci;
/*!40101 SET character_set_client = @saved_cs_client */;

--
-- Dumping data for table `users`
--

LOCK TABLES `users` WRITE;
/*!40000 ALTER TABLE `users` DISABLE KEYS */;
INSERT INTO `users` VALUES (12,'dan','c79038446d5a5ec21890f87963f97029','admin','2021-07-12 07:11:04');
/*!40000 ALTER TABLE `users` ENABLE KEYS */;
UNLOCK TABLES;

--
-- Dumping events for database 'newphp'
--
/*!50106 SET @save_time_zone= @@TIME_ZONE */ ;
/*!50106 DROP EVENT IF EXISTS `daily_charge` */;
DELIMITER ;;
/*!50003 SET @saved_cs_client      = @@character_set_client */ ;;
/*!50003 SET @saved_cs_results     = @@character_set_results */ ;;
/*!50003 SET @saved_col_connection = @@collation_connection */ ;;
/*!50003 SET character_set_client  = utf8mb4 */ ;;
/*!50003 SET character_set_results = utf8mb4 */ ;;
/*!50003 SET collation_connection  = utf8mb4_0900_ai_ci */ ;;
/*!50003 SET @saved_sql_mode       = @@sql_mode */ ;;
/*!50003 SET sql_mode              = 'ONLY_FULL_GROUP_BY,STRICT_TRANS_TABLES,NO_ZERO_IN_DATE,NO_ZERO_DATE,ERROR_FOR_DIVISION_BY_ZERO,NO_ENGINE_SUBSTITUTION' */ ;;
/*!50003 SET @saved_time_zone      = @@time_zone */ ;;
/*!50003 SET time_zone             = 'SYSTEM' */ ;;
/*!50106 CREATE*/ /*!50117 DEFINER=`root`@`localhost`*/ /*!50106 EVENT `daily_charge` ON SCHEDULE EVERY 1 MINUTE STARTS '2021-07-01 01:10:01' ON COMPLETION NOT PRESERVE ENABLE DO BEGIN UPDATE cbcart1, cbcart2, cbcart3, cbcart4 SET Check_in=NULL, Check_out=NULL, Student_Number=NULL WHERE Check_in IS NOT NULL AND Check_out IS NOT NULL; END */ ;;
/*!50003 SET time_zone             = @saved_time_zone */ ;;
/*!50003 SET sql_mode              = @saved_sql_mode */ ;;
/*!50003 SET character_set_client  = @saved_cs_client */ ;;
/*!50003 SET character_set_results = @saved_cs_results */ ;;
/*!50003 SET collation_connection  = @saved_col_connection */ ;;
/*!50106 DROP EVENT IF EXISTS `update_access_code` */;;
DELIMITER ;;
/*!50003 SET @saved_cs_client      = @@character_set_client */ ;;
/*!50003 SET @saved_cs_results     = @@character_set_results */ ;;
/*!50003 SET @saved_col_connection = @@collation_connection */ ;;
/*!50003 SET character_set_client  = utf8mb4 */ ;;
/*!50003 SET character_set_results = utf8mb4 */ ;;
/*!50003 SET collation_connection  = utf8mb4_0900_ai_ci */ ;;
/*!50003 SET @saved_sql_mode       = @@sql_mode */ ;;
/*!50003 SET sql_mode              = 'ONLY_FULL_GROUP_BY,STRICT_TRANS_TABLES,NO_ZERO_IN_DATE,NO_ZERO_DATE,ERROR_FOR_DIVISION_BY_ZERO,NO_ENGINE_SUBSTITUTION' */ ;;
/*!50003 SET @saved_time_zone      = @@time_zone */ ;;
/*!50003 SET time_zone             = 'SYSTEM' */ ;;
/*!50106 CREATE*/ /*!50117 DEFINER=`root`@`localhost`*/ /*!50106 EVENT `update_access_code` ON SCHEDULE EVERY 1 HOUR STARTS '2021-07-07 11:26:11' ON COMPLETION NOT PRESERVE ENABLE DO insert access(value) select floor(23+rand()*9) as value */ ;;
/*!50003 SET time_zone             = @saved_time_zone */ ;;
/*!50003 SET sql_mode              = @saved_sql_mode */ ;;
/*!50003 SET character_set_client  = @saved_cs_client */ ;;
/*!50003 SET character_set_results = @saved_cs_results */ ;;
/*!50003 SET collation_connection  = @saved_col_connection */ ;;
DELIMITER ;
/*!50106 SET TIME_ZONE= @save_time_zone */ ;
/*!40103 SET TIME_ZONE=@OLD_TIME_ZONE */;

/*!40101 SET SQL_MODE=@OLD_SQL_MODE */;
/*!40014 SET FOREIGN_KEY_CHECKS=@OLD_FOREIGN_KEY_CHECKS */;
/*!40014 SET UNIQUE_CHECKS=@OLD_UNIQUE_CHECKS */;
/*!40101 SET CHARACTER_SET_CLIENT=@OLD_CHARACTER_SET_CLIENT */;
/*!40101 SET CHARACTER_SET_RESULTS=@OLD_CHARACTER_SET_RESULTS */;
/*!40101 SET COLLATION_CONNECTION=@OLD_COLLATION_CONNECTION */;
/*!40111 SET SQL_NOTES=@OLD_SQL_NOTES */;

-- Dump completed on 2021-07-19 14:33:42
